id,car_model,car_year,car_vin,color,price
1,Canyon,2012,1GD312CGXEF143911,Puce,"€16730,45"
2,Riviera,1986,1G6DP8E30C0519295,Violet,"€13759,42"
3,G-Class,2002,19XFA1E55AE185267,Aquamarine,"€18407,24"
4,XJ,2012,SAJWA0F74F8637352,Green,"€18598,62"
5,Odyssey,2009,1N6AD0CU7BC053509,Fuscia,"€18369,71"
6,350Z,2009,5UMCN93402L041047,Purple,"€18810,04"
7,Leganza,2002,1N6AF0KX3FN425119,Fuscia,"€10212,73"
8,Aurora,1995,1G6KE54Y25U068018,Blue,"€19622,28"
9,LHS,2001,SAJWA0F72F8789887,Maroon,"€32687,17"
10,TrailBlazer,2009,SAJWA1C7XD8509866,Violet,"€25693,24"
11,Rally Wagon 3500,1993,2FMPK3K97FB974662,Green,"€34692,06"
12,Navigator L,2007,2LMDJ6JK6FB343209,Goldenrod,"€39283,91"
13,Tercel,1994,WAUDF78E58A144008,Blue,"€13895,69"
14,Dakota Club,2000,WBAGH03431D768164,Crimson,"€38277,58"
15,300ZX,1993,1G4GC5GG7AF633790,Turquoise,"€17090,57"
16,Riviera,1997,3D73Y4EL9BG783257,Indigo,"€39444,99"
17,Range Rover,1992,3C4PDCDG8FT669625,Turquoise,"€10178,45"
18,rio,1996,KNAFT4A23D5211546,Indigo,"€17654,86"
19,Express,2012,3C63DPML2CG179793,Turquoise,"€18416,88"
20,Ram Van 1500,1997,WBA5A7C56FD633586,Mauv,"€26579,66"
21,Fox,1989,JN1BJ0HP1EM139516,Mauv,"€29527,97"
22,A4,2005,YV4852CT2A1663472,Crimson,"€18367,64"
23,Dakota Club,2004,JN8AZ1MUXCW300793,Khaki,"€21976,93"
24,Caravan,2003,JM1NC2PF3F0819824,Aquamarine,"€27756,14"
25,Q,1992,1G4GH5G34CF411967,Blue,"€19841,58"
26,525,2005,WAUWG74F19N307686,Goldenrod,"€33440,89"
27,Quattroporte,2011,1N6AA0EC0EN929553,Fuscia,"€19295,82"
28,Rodeo,1994,WVWED7AJ9BW660418,Orange,"€35295,81"
29,Contour,1997,5TFCW5F1XDX128798,Turquoise,"€11817,19"
30,300M,2003,1G4GE5E34CF126682,Orange,"€35534,59"
31,Freelander,2010,WA1EV74L78D480914,Purple,"€21739,02"
32,Alero,1999,JM1NC2JF4F0871794,Yellow,"€19874,06"
33,5 Series,1992,WAUDH94F76N497411,Green,"€15490,60"
34,Civic GX,2003,3FA6P0D98DR516939,Puce,"€37945,09"
35,Ram 3500,2009,3C63D3NL4CG499916,Fuscia,"€18632,99"
36,Taurus,2008,1C6RD6FKXCS122548,Pink,"€23718,82"
37,Crossfire,2004,1FMHK7B87CG611124,Maroon,"€28329,28"
38,GS,1994,JN1AY1APXBM168211,Fuscia,"€14816,83"
39,5 Series,2006,2T1KE4EE2AC883998,Mauv,"€12191,87"
40,Park Avenue,1999,1FTEX1C80AF160111,Yellow,"€13326,30"
41,Allroad,2002,1G4HD57246U270826,Indigo,"€13796,40"
42,Sunfire,2000,WBAEN33494E268767,Orange,"€19915,79"
43,GX,2006,1G6AE5SX7E0129277,Fuscia,"€13025,46"
44,xD,2008,2C3CDYAG1CH250251,Pink,"€32994,88"
45,Z3,2002,3GYFNBEY6AS442940,Indigo,"€34193,32"
46,RSX,2002,1GKS1CE07ER963727,Fuscia,"€25593,38"
47,Prowler,2002,1N6BF0KL5FN048908,Goldenrod,"€30214,78"
48,Sportage,2000,WDDGF4HB7DG448619,Green,"€34546,61"
49,Q,1997,2G4GS5EV5D9069994,Turquoise,"€35085,80"
50,G-Series G10,1992,1C6RD7LP4CS109316,Pink,"€20968,78"
51,Land Cruiser,1995,SALAB2V62EA835616,Green,"€17550,06"
52,Grand Vitara,2009,1GD322CG2EF972307,Aquamarine,"€38184,77"
53,H3,2009,5N1AA0NC3BN971922,Puce,"€20691,57"
54,Intrepid,1995,1GTN1TEX0CZ949526,Fuscia,"€11719,36"
55,Rodeo,2002,WBAYG0C56DD483642,Indigo,"€18314,73"
56,Freestar,2007,1FTSW2A56AE047631,Khaki,"€36510,08"
57,Sierra 1500,2010,WAUPFAFMXAA205959,Teal,"€26602,51"
58,Sedona,2004,5J8TB1H20CA455272,Orange,"€20905,74"
59,Galant,2003,JN8AZ2KR6BT901073,Turquoise,"€16337,18"
60,Ranger,2006,KNAFZ6A34F5424088,Purple,"€18144,60"
61,Rogue,2011,2G4WE537151687837,Yellow,"€36785,27"
62,A5,2010,1GD21XEG8FZ723275,Teal,"€39522,52"
63,Acclaim,1992,JTHBF1D22F5998204,Violet,"€14742,19"
64,Suburban 1500,2004,2C4RDGEG5FR213955,Green,"€13337,40"
65,ES,1999,WAUMV94E19N597394,Red,"€24986,25"
66,Dakota Club,2005,1D4RE4GG6BC120196,Fuscia,"€36840,17"
67,Aurora,2001,WBAVC735X7A635757,Puce,"€30192,14"
68,3000GT,1992,1GYEK63N34R546331,Green,"€29429,90"
69,S-Series,2001,5TDDK3DC9BS251813,Red,"€19320,89"
70,612 Scaglietti,2010,2G61N5S30F9788967,Aquamarine,"€16912,21"
71,Z8,2003,3GYFNJE41AS291593,Pink,"€20804,47"
72,3500,1999,5N1AR1NBXAC330203,Maroon,"€29532,80"
73,Matrix,2012,WAUWGAFC9EN197643,Teal,"€28025,72"
74,Expedition,2003,5J8TB4H52GL892731,Orange,"€31307,75"
75,900,1995,3N1CN7AP4FL247538,Green,"€39008,69"
76,VUE,2003,1FTMF1C84AK533110,Aquamarine,"€16089,12"
77,CR-V,2005,5N1AT2MK3FC577076,Turquoise,"€30509,53"
78,E-Class,2005,1N6AF0LY8EN595952,Mauv,"€13069,98"
79,B-Series,1989,KMHHT6KD7CU632130,Violet,"€31262,07"
80,IS-F,2008,WBA3V9C58FP698428,Crimson,"€33983,46"
81,S5,2010,5UXKR6C54F0688228,Blue,"€29887,21"
82,Mustang,1998,WBAGK93481D126965,Red,"€24748,20"
83,Camaro,2002,1FTMF1EW5AK898391,Green,"€18488,99"
84,525,2001,1G6DF5E53C0981126,Turquoise,"€26317,89"
85,Mazda3,2010,WBAFR7C59DD765574,Goldenrod,"€37547,59"
86,Esprit,1994,3C4PDDDG2FT641423,Yellow,"€38440,07"
87,F150,2010,SCFFDCCDXAG355489,Red,"€21075,93"
88,Seville,1993,2C3CA3CV6AH135486,Crimson,"€11787,82"
89,Samurai,1993,5XYZG3AB7CG663262,Mauv,"€30627,60"
90,XJ Series,2004,WAUDH98E66A891118,Purple,"€21971,30"
91,V8,1992,SCFAD02A97G180435,Orange,"€26201,40"
92,NSX,1997,SALAG2D42CA144570,Pink,"€24244,81"
93,SL-Class,1985,JN8AZ2KRXAT372841,Indigo,"€27776,71"
94,3500,1998,WAUEF78E56A317401,Goldenrod,"€37183,65"
95,Accord,1992,3D7JV1EP2AG319422,Khaki,"€22041,36"
96,Phaeton,2004,WVGAV3AX1DW757085,Mauv,"€37127,87"
97,Suburban 2500,1997,WDDLJ9BB7FA937207,Pink,"€27289,27"
98,Santa Fe,2012,JM1GJ1T68E1675761,Yellow,"€14279,19"
99,Xterra,2007,WBADX7C50CE319383,Green,"€37345,52"
100,88,1993,WBAKA83559C750983,Indigo,"€26554,60"
101,Impala,2000,SCFBF03B57G046009,Mauv,"€30009,08"
102,RL,2007,WBAUP73559V941261,Red,"€13459,69"
103,5 Series,2003,WBAXG5C58CC038915,Blue,"€36434,36"
104,Continental,1990,TRUTC28N841145647,Maroon,"€25482,90"
105,350Z,2007,SALVP2BG3FH330399,Pink,"€12986,69"
106,XJ,2008,WAULT68E15A855487,Red,"€29872,06"
107,Jetta,1999,WA1WKAFPXBA809561,Yellow,"€33633,29"
108,Silverado 1500,2011,KM8JT3AB5BU915124,Orange,"€30961,75"
109,Impreza,2009,1FT7W2A6XEE716696,Aquamarine,"€22186,63"
110,Express 2500,1996,1G6AH5S34F0348302,Maroon,"€16320,76"
111,Grand Cherokee,2006,3D73M3HL6BG888095,Orange,"€18098,11"
112,Rodeo,2004,1G6AR5S34F0342819,Aquamarine,"€16414,71"
113,California,2009,WBAYM9C54ED679500,Pink,"€23915,40"
114,300M,1999,3D7JB1EP8BG342942,Turquoise,"€12410,55"
115,F-Series Super Duty,2009,WBAKE3C5XCE975547,Pink,"€21012,27"
116,MX-5,2006,WBAUL7C59AV384287,Aquamarine,"€22033,45"
117,Land Cruiser,1997,2C3CDZFJ8FH953389,Khaki,"€33661,56"
118,TL,1998,1G6AA5RAXF0559058,Pink,"€12944,10"
119,F350,1995,JA32X8HW1DU509832,Blue,"€37984,07"
120,Rendezvous,2005,TRUDD38J891466096,Purple,"€22531,12"
121,A5,2011,WAUGVAFR7BA576836,Violet,"€14689,39"
122,Sundance,1992,WBADT33421G407820,Blue,"€39059,20"
123,Corrado,1991,WAUMV44EX7N205125,Red,"€15866,73"
124,RS 6,2003,3D4PH1FG9BT431799,Goldenrod,"€24214,85"
125,Aveo,2009,WBA1F5C5XEV236816,Pink,"€14849,98"
126,LeSabre,1987,1D7RB1CP7BS134677,Violet,"€18635,95"
127,LS,1992,5TDBY5G19ES676934,Crimson,"€20049,94"
128,Altima,2005,WBA6B4C59ED945089,Fuscia,"€30638,26"
129,G-Class,2006,1N6AF0LX1EN193875,Khaki,"€22420,69"
130,Element,2009,SAJWA0F75F8717324,Green,"€17157,40"
131,Club Wagon,1997,WAUBC48H56K428237,Pink,"€14699,86"
132,H2,2006,19XFB4F23DE118223,Aquamarine,"€19194,05"
133,Savana 2500,1999,1D4PT7GX1AW903972,Indigo,"€21277,41"
134,E-Series,1993,1GYFK162X9R014364,Indigo,"€26557,19"
135,850,1993,WUADUAFG7CN000958,Pink,"€18812,24"
136,Discovery,2011,3D7TP2CT9AG527631,Purple,"€16808,62"
137,928,1994,3GYFK66N76G926419,Fuscia,"€21361,11"
138,B-Series,2003,3C4PDDAG0FT718309,Pink,"€30400,01"
139,Aspire,1995,JN1AZ4EH0EM937790,Green,"€39271,22"
140,GTI,2002,WA1WKBFP1AA800980,Indigo,"€29153,38"
141,rio,1996,1GYEC63TX3R059072,Goldenrod,"€12640,17"
142,CR-Z,2011,3C6JD7EPXCG905456,Turquoise,"€34654,09"
143,LeBaron,1994,SALAG2D47BA334072,Mauv,"€17744,09"
144,Silverado 1500,2000,WAUEF98EX8A897579,Violet,"€18718,38"
145,Enclave,2009,WBAWR33528P085223,Turquoise,"€36750,82"
146,Galant,2001,5NPEB4AC3CH791597,Turquoise,"€35778,18"
147,Laser,1990,WAUFGAFB1BN912191,Purple,"€23994,28"
148,Dakota,2004,1FTEW1CF0FK945468,Maroon,"€26617,26"
149,Diamante,2000,KMHDB8AE4CU637826,Violet,"€13718,00"
150,Integra,1994,KNDPB3A25D7453182,Maroon,"€29981,46"
151,Caravan,1995,19VDE3F31DE883182,Khaki,"€36722,14"
152,Civic,1994,3N1AB6AP3AL342417,Maroon,"€24089,87"
153,Lucerne,2011,WBAKF5C57CE215715,Purple,"€16769,81"
154,Savana 1500,2011,1HGCR2F3XFA999490,Pink,"€29030,22"
155,Supra,1997,WA1LGAFE0CD740883,Teal,"€25645,60"
156,Element,2008,3GYFNFEY5BS567159,Pink,"€21507,10"
157,Swift,2005,2FMPK4J94FB936782,Goldenrod,"€30180,10"
158,Rendezvous,2006,ZFF75VFA5F0817066,Yellow,"€20142,65"
159,Fiero,1986,WAUFFAFC4EN921404,Goldenrod,"€12527,80"
160,Corvette,2010,JN1AZ4EH1DM157408,Khaki,"€19421,33"
161,240SX,1996,KMHEC4A45FA219105,Khaki,"€21733,41"
162,Festiva,1993,JN1CV6FE5EM015018,Goldenrod,"€11163,17"
163,S6,2010,1C6RD6NT1CS087862,Indigo,"€10360,02"
164,Z4 M,2008,1FTEW1C83AF333462,Orange,"€33034,93"
165,Hearse,1996,JHMZF1C47BS572117,Orange,"€13190,81"
166,Titan,2005,2G61S5S38E9056593,Purple,"€16302,03"
167,Astro,1992,1D7RB1GK1BS697691,Yellow,"€22650,91"
168,Pajero,1997,WDCGG0EB5FG628330,Green,"€33760,60"
169,Express 3500,1996,JN1AZ4EH4BM830382,Indigo,"€20109,07"
170,300,1999,JN8AZ2KR8CT478823,Aquamarine,"€13924,89"
171,Econoline E150,1996,1GYS3AEF4CR298453,Violet,"€27275,19"
172,Camaro,1981,JA32U2FUXFU526896,Orange,"€33546,67"
173,Jetta,2002,WBSBL93415P627820,Aquamarine,"€27259,45"
174,Town Car,1997,WBAKP9C52ED912206,Aquamarine,"€30343,01"
175,Titan,2006,WA1VKAFP9AA444767,Aquamarine,"€24698,68"
176,Altima,2003,1G6DC1ED4B0653124,Khaki,"€11017,58"
177,928,1990,KNDPB3A22C7212064,Fuscia,"€12844,24"
178,Sebring,1999,WA1YD54B14N975576,Indigo,"€26720,00"
179,S6,1995,WAUGGAFCXDN256265,Teal,"€27965,18"
180,90,1988,3VW1K7AJ1DM836771,Green,"€16348,24"
181,ZDX,2012,JH4CL96974C817127,Maroon,"€36924,04"
182,A4,2006,JN8AZ1MU1AW361057,Teal,"€20833,20"
183,Grand Prix,1975,WP0AA2A96FS366679,Aquamarine,"€22373,84"
184,Expedition EL,2007,1N4AB7AP9EN974532,Indigo,"€13330,10"
185,Canyon,2006,1D4PU2GK9AW829494,Yellow,"€35598,73"
186,Escort,1989,JH4CU2E66BC964967,Goldenrod,"€16794,60"
187,Mazdaspeed 3,2007,1G6EC12952B147990,Blue,"€31292,83"
188,626,1984,5N1AN0NW4FN381569,Puce,"€26822,10"
189,V70,2005,3D7TP2CT4BG762746,Red,"€16056,23"
190,911,2012,VNKJTUD39FA393692,Green,"€31499,53"
191,ES,2005,WBAGH83431D007293,Orange,"€35037,16"
192,Rodeo,1996,WAUJ2AFD2FN582092,Maroon,"€13144,29"
193,Caravan,2000,2C4JDGAG6CR892147,Violet,"€39832,13"
194,Concorde,2001,1G4HP52K05U917946,Crimson,"€14029,45"
195,Achieva,1997,2G4GR5EC4B9982057,Mauv,"€34709,60"
196,57,2003,WAUML54B04N865509,Aquamarine,"€13886,10"
197,Galaxie,1966,5GAEV13D29J366787,Blue,"€34616,09"
198,Hombre,1999,5N1AA0NE6FN687661,Mauv,"€35230,97"
199,Pathfinder,2005,3C4PDCBB7FT192113,Aquamarine,"€12798,68"
200,H1,1996,1C4RDJEGXEC436285,Violet,"€20954,00"
201,Santa Fe,2004,3C4PDDEG8FT957634,Pink,"€10918,00"
202,Pathfinder,2002,WBAHN83587D013833,Goldenrod,"€28988,56"
203,Altima,2004,5UXFA13536L386875,Khaki,"€37061,55"
204,Galant,1995,2FMDK3GC7AB741073,Maroon,"€13413,31"
205,XJ,2009,1D4PU5GK6AW630923,Green,"€37475,06"
206,Amanti,2005,WBAKP9C59ED501398,Blue,"€15024,72"
207,Sundance,1994,1C4NJCBAXDD357095,Indigo,"€26133,18"
208,Frontier,2010,WBANA73505C625875,Pink,"€24517,60"
209,626,1984,5N1AA0ND1EN858547,Blue,"€33165,79"
210,Cordia,1985,WAUAH74F16N759611,Green,"€19989,01"
211,E150,2009,WBA3C1G51DN365661,Maroon,"€32104,29"
212,Cougar,1994,SALGS2TF5FA652726,Purple,"€34089,03"
213,Sequoia,2005,5NPEB4AC9BH011357,Fuscia,"€37880,11"
214,Touareg,2003,WAUJC68E03A716259,Purple,"€29273,97"
215,Sonata,2012,WAUUL78E15A578186,Indigo,"€30082,67"
216,Talon,1995,WAUKGAFB0BN457980,Pink,"€22159,53"
217,Versa,2009,WAULD64B14N154092,Pink,"€33056,55"
218,V50,2009,1GD312CG7CF430801,Pink,"€12479,39"
219,Outback Sport,2002,WA1YL64B85N725522,Blue,"€15016,85"
220,T100,1993,1FTWW3B57AE682637,Turquoise,"€21458,49"
221,RX-8,2009,WAUVC58E92A772534,Crimson,"€20019,47"
222,Mustang,2004,19UUA8F29EA175372,Fuscia,"€29686,86"
223,5 Series,1995,1FTEW1CM1CF402486,Blue,"€17319,07"
224,S6,2011,WAUAGAFD4EN775697,Goldenrod,"€12327,01"
225,SSR,2003,19UUA65636A801640,Aquamarine,"€31806,87"
226,Avalanche 2500,2006,WA1VGAFP2FA507202,Red,"€17949,92"
227,Impala,2009,2FMPK3J9XFB162497,Teal,"€34793,44"
228,Vitara,2001,WBA3A5C59FP427057,Puce,"€35090,48"
229,Stratus,2004,2HNYB1H69DH218011,Orange,"€13948,50"
230,Ram Van 2500,2000,1G4GD5ER2CF742825,Violet,"€21980,84"
231,Legacy,2000,1N6AA0CC6BN040674,Crimson,"€11347,91"
232,Grand Vitara,2002,WAUA2AFD2DN039001,Goldenrod,"€38685,69"
233,Silverado,1999,YV1382MS1A2524237,Fuscia,"€39609,97"
234,Enclave,2011,3C6JD6BP8CG609768,Maroon,"€38747,71"
235,Tucson,2009,WBA3C1C53DF657182,Goldenrod,"€16892,65"
236,Dakota,2006,1G6KD5E69BU698260,Teal,"€18567,36"
237,Town & Country,2004,WVGEP9BP0FD597860,Yellow,"€20030,77"
238,Rogue,2010,19UUA9E51DA836778,Mauv,"€25503,97"
239,Continental,1986,1N6AA0CJ8EN705027,Violet,"€37360,53"
240,Montero,1995,5J6TF2H58DL520257,Fuscia,"€34192,08"
241,Forester,2004,1G6DV5EP4A0921583,Pink,"€20348,77"
242,Eclipse,1989,SCBGC3ZA3EC872362,Crimson,"€31276,57"
243,1500 Club Coupe,1997,1FTFW1E83AK475223,Pink,"€24746,04"
244,2500 Club Coupe,1995,5J6TF2H58FL695630,Blue,"€18072,61"
245,FJ Cruiser,2009,1GYS3KEF9DR933948,Red,"€35884,22"
246,Civic,1997,KMHEC4A42FA291685,Fuscia,"€36311,45"
247,300E,1992,2FMGK5D88FB408669,Teal,"€35164,28"
248,Eos,2007,1G6AA5RA7F0462707,Goldenrod,"€18570,89"
249,Galant,2001,JN8AS5MT4BW473422,Goldenrod,"€31734,36"
250,Blazer,1996,1G4HP52K14U695710,Teal,"€15385,58"
251,J,1997,JA32U1FU6DU575956,Aquamarine,"€32170,62"
252,Aerostar,1992,2G4GT5GV9D9051654,Green,"€18061,54"
253,Esprit,2002,WBAVD13536K949835,Aquamarine,"€31061,23"
254,Solara,2000,1FMJU1F52AE256364,Blue,"€21377,40"
255,Quest,2006,WBABW33426P791958,Pink,"€28509,63"
256,GS,2004,WBAVB73508K670502,Puce,"€36076,64"
257,Explorer,2012,WBAVC73548A869443,Indigo,"€30580,23"
258,Prius,2004,WAUEH74F57N704890,Mauv,"€33712,23"
259,Fusion,2007,JTEBC3EH6D2959036,Indigo,"€36516,21"
260,Suburban 2500,1995,WAUCFAFR8AA160238,Orange,"€38645,61"
261,Caravan,2003,KMHFC4DF0AA048340,Teal,"€39760,57"
262,Regal,2000,JH4DC54866S987849,Maroon,"€34041,78"
263,Amanti,2007,YV4852CZ0A1466840,Goldenrod,"€11331,67"
264,Swift,2001,KMHTC6AD3EU090992,Orange,"€15788,04"
265,3500 Club Coupe,1997,WDDGF4HB6CR756139,Crimson,"€31404,22"
266,62,2003,JN8AZ2KR8AT699092,Goldenrod,"€20001,26"
267,Range Rover Sport,2010,1FTSW3B57AE938922,Yellow,"€39762,64"
268,Lucerne,2008,KMHHU6KJ6FU217162,Purple,"€21107,11"
269,Citation,1980,JN1CV6FE2DM325965,Maroon,"€31452,65"
270,LeBaron,1995,WBABD334X5P281054,Puce,"€23251,07"
271,900,1984,WVWAN7AN8DE173427,Orange,"€23444,60"
272,Mystique,1995,3VW467AT6DM362951,Blue,"€15915,52"
273,Canyon,2010,1FTWX3D50AE603870,Indigo,"€34569,76"
274,Silhouette,1998,WBAPK5C50BF997043,Khaki,"€20526,87"
275,Eclipse,2011,1FTMF1EW1AK748360,Aquamarine,"€28180,15"
276,Aviator,2004,1N6AF0KXXFN013263,Aquamarine,"€11630,56"
277,SLR McLaren,2005,5N1AT2MK3EC244407,Aquamarine,"€15777,95"
278,Durango,2007,3GYEK63N52G931936,Fuscia,"€20260,51"
279,Silverado 2500,2008,5GAKRCKD0EJ800851,Crimson,"€38222,08"
280,Civic,2011,WA1MYBFE0AD650332,Violet,"€12428,62"
281,TSX,2008,2LMHJ5AR2AB397852,Pink,"€10336,41"
282,Cayenne,2008,KNADH4A33B6324860,Mauv,"€17446,98"
283,Sierra 2500,2001,YV4902DZXB2028615,Red,"€26568,39"
284,Grand Prix,2004,JN8AE2KP8D9828007,Yellow,"€15672,30"
285,Sentra,2009,WAUJF78KX9N670363,Turquoise,"€34295,82"
286,Durango,2009,WAULC58E14A102518,Turquoise,"€13342,57"
287,Transit Connect,2012,KMHTC6AD6DU714282,Aquamarine,"€11539,77"
288,Viper,1999,WBAYB6C56ED607377,Maroon,"€13407,78"
289,Esteem,1995,1YVHZ8BH6B5801218,Crimson,"€31836,56"
290,C-Class,2001,5J6TF1H34BL614058,Pink,"€29662,07"
291,A6,2006,YV4902BZ0E1003915,Blue,"€25684,77"
292,500SL,1993,JN1BV7AP1FM728025,Yellow,"€24335,71"
293,Prizm,1995,WAUKH78E98A332015,Yellow,"€15086,70"
294,Suburban 2500,2010,JA32X2HU1BU437295,Violet,"€32457,97"
295,Tahoe,1997,1GYS4AEF2CR461663,Aquamarine,"€31936,39"
296,Corvette,1956,KNAFX6A88F5179930,Red,"€19938,96"
297,M3,2011,JTHFF2C23F2139410,Red,"€33837,86"
298,Equinox,2008,1GT010CG0CF601478,Mauv,"€32171,32"
299,Dakota,2006,1G6DH8E53C0425989,Mauv,"€27376,76"
300,Mazda2,2012,SCFKDCEP2EG414143,Teal,"€35720,80"
301,Caliber,2007,JN1AY1AR6CM243893,Pink,"€23219,60"
302,Sonata,2011,19XFA1F37BE720355,Goldenrod,"€20270,35"
303,G6,2008,1FTMF1EW2AK228362,Turquoise,"€39269,60"
304,Sienna,2012,1FTEW1CM2CF080778,Violet,"€22384,74"
305,A6,2007,1FBNE3BLXBD336137,Goldenrod,"€36422,88"
306,Aveo,2008,WAUWFAFH0BN798160,Puce,"€37956,21"
307,F150,1992,WBAUL7C57AV462050,Pink,"€22132,90"
308,A4,2006,WBA6A0C59ED564029,Goldenrod,"€21045,09"
309,Golf,1989,KMHHT6KD6CU472242,Puce,"€14687,93"
310,Focus,2003,1B3CC1FB9AN632584,Indigo,"€19144,01"
311,Express 3500,2003,WBAYA8C56FD706006,Aquamarine,"€28203,26"
312,Corolla,1992,5N1AR1NB5CC737428,Maroon,"€17765,69"
313,6 Series,2009,1G6KY54903U917723,Mauv,"€33305,08"
314,4Runner,1992,3D7JV1EP0AG367906,Khaki,"€30604,57"
315,SC,2000,WVGAV7AX2AW084424,Purple,"€17293,14"
316,Firefly,1985,WP1AE2A29EL243518,Red,"€10128,86"
317,Solstice,2007,2HKRM3H30EH383024,Aquamarine,"€29198,07"
318,Discovery Series II,2000,WBAKF5C50DE273652,Khaki,"€30979,50"
319,Leganza,2002,5NPE24AFXFH290267,Mauv,"€19332,65"
320,S4,2009,1GKS1AKC7FR082370,Crimson,"€28432,79"
321,Suburban 2500,2000,WAUAF78E78A733340,Pink,"€15056,14"
322,Pajero,1990,1G6AP5SX6E0212743,Green,"€20814,22"
323,Rally Wagon 1500,1993,WAUR2AFD2EN404314,Maroon,"€33584,42"
324,Marquis,1986,WBAYP9C59DD986764,Maroon,"€15608,02"
325,TL,2005,JM1NC2LF4D0458400,Turquoise,"€12644,97"
326,G55 AMG,2006,1GYS4FEJ5DR737532,Teal,"€23473,69"
327,626,1998,KMHHT6KD0AU426791,Orange,"€33756,56"
328,Club Wagon,1996,WBALZ5C56CC800261,Orange,"€25857,02"
329,Celica,1994,WBA4A9C53FG482020,Khaki,"€35231,99"
330,Tahoe,1999,19UUB2F39FA318034,Crimson,"€39199,25"
331,Cutlass,1997,1G6DH8EY9B0276528,Puce,"€21139,79"
332,Swift,1990,WVGAV7AX1FW804108,Violet,"€24684,89"
333,M-Class,2002,WBABS53403E433000,Teal,"€11258,51"
334,Crown Victoria,1998,1N6AA0CA3CN953649,Turquoise,"€26702,67"
335,Stratus,1998,WBA3A9C56DF759516,Goldenrod,"€24290,21"
336,240SX,1993,4JGCB2FB5AA396591,Purple,"€19357,91"
337,Landaulet,2011,WAUSH98E77A221263,Teal,"€35969,11"
338,R8,2012,SCBBB7ZH6EC941837,Violet,"€37791,33"
339,4Runner,1999,SCFFDCCD4CG698298,Green,"€12214,97"
340,RAV4,1997,1GYEC63N25R315404,Yellow,"€14828,99"
341,Aerostar,1987,WBAEU33494P405018,Red,"€21250,46"
342,Savana 3500,2006,1C4RJEAG4DC866480,Maroon,"€31409,74"
343,Grand Caravan,2004,WBA3T1C59FP109474,Orange,"€30546,57"
344,Montero Sport,2001,WUADU98E38N392726,Indigo,"€31265,65"
345,FX,2010,WAUMF98K39N310814,Green,"€23948,62"
346,Cherokee,1998,1GKS1GEJ6DR011574,Pink,"€17499,99"
347,Fury,1964,5UXFG83568L455486,Indigo,"€15215,57"
348,Eurovan,1992,1FTSW3A57AE154757,Goldenrod,"€30882,70"
349,Sky,2007,WBASP2C54DC382395,Purple,"€16908,84"
350,Suburban 1500,2005,WAUAC48H86K106414,Teal,"€32894,89"
351,S5,2010,NM0KS9BN0CT464678,Crimson,"€12945,56"
352,MKT,2012,1B3BD4FB9BN436236,Fuscia,"€15753,35"
353,C-Class,1997,SALVP1BG9EH154466,Teal,"€10032,72"
354,Venza,2012,WBADN53493G377398,Red,"€10679,10"
355,Cougar,1984,3D7LP2ET9BG023353,Khaki,"€21250,06"
356,Ciera,1993,WAUAF98E66A851551,Teal,"€22351,57"
357,Dakota Club,1996,1G6KE54Y63U166806,Orange,"€20576,49"
358,Flex,2010,3C6TD5ET8CG192759,Mauv,"€39753,44"
359,CR-V,2006,5J6TF2H59FL765782,Blue,"€28654,81"
360,Capri,1985,5BZBF0AA6FN409839,Aquamarine,"€24106,55"
361,Impreza,2011,1GYS4EEJ1CR587685,Pink,"€11936,90"
362,Classic,1963,3D73Y3CL8BG600668,Blue,"€24906,73"
363,Terrain,2012,JHMZF1D49ES292587,Crimson,"€23084,95"
364,Miata MX-5,2011,WAUDF98E77A650532,Puce,"€32540,30"
365,Mazda3,2004,JTHBK1EG9C2459971,Blue,"€21692,39"
366,Highlander,2009,3LN6L2G92ER220339,Pink,"€26884,59"
367,B-Series,1996,WAUSH78EX7A065577,Green,"€26152,57"
368,Explorer Sport,2002,ZFBCFACH6FZ235643,Pink,"€23019,40"
369,Continental Flying Spur,2007,WDDHF5GB9AA176701,Fuscia,"€25874,76"
370,RX Hybrid,2008,WBABN53481J185221,Aquamarine,"€13778,72"
371,Express 1500,1997,WBADW3C57BE130031,Yellow,"€17009,27"
372,S-Class,1995,5TFAW5F1XFX728344,Indigo,"€15322,59"
373,X6,2009,WAUDGBFL0CA082544,Orange,"€37461,35"
374,Maxima,2005,1FTSW2B55AE433391,Fuscia,"€25385,46"
375,Leone,1989,2HKRM3H36EH580134,Maroon,"€20796,71"
376,911,2011,1FAHP3DN4AW510457,Maroon,"€16749,73"
377,MX-6,1996,3FA6P0LU9ER785426,Yellow,"€16282,67"
378,Trans Sport,1992,WAUR4AFD6DN133606,Khaki,"€34709,49"
379,Silhouette,2004,WAU4FBFL3AA324498,Khaki,"€21390,12"
380,Grand Prix,1992,WBAPH5C55BA778638,Yellow,"€18218,77"
381,LS,2006,2G61T5S39F9469606,Goldenrod,"€28819,42"
382,Accord,1986,WBAGK93421D957507,Maroon,"€30921,55"
383,GT-R,2009,3MZBM1K74FM847734,Blue,"€37389,01"
384,Express 3500,2002,1GD11ZCG7CF589298,Purple,"€21547,61"
385,Venture,1997,5N1AN0NUXDN795743,Indigo,"€32840,28"
386,XC90,2007,WBA3G7C58EK945831,Pink,"€16268,38"
387,Optima,2011,WAULT68E13A370991,Red,"€13748,34"
388,Dakota,2007,3C4PDCBB6DT682426,Puce,"€15941,12"
389,V12 Vantage,2012,WVGAV7AX4CW907938,Green,"€24455,44"
390,Patriot,2010,WAUDF78E58A697094,Aquamarine,"€20155,01"
391,Dakota Club,2004,1GYUKCEF1AR638386,Turquoise,"€21655,34"
392,Mountaineer,2003,3C6TD4DT3CG704696,Purple,"€21631,90"
393,Traverse,2010,WAUVKAFR0AA262590,Indigo,"€38842,16"
394,i-350,2006,WBANU53598C596151,Blue,"€34607,21"
395,1500 Club Coupe,1992,WAUVVAFR9CA116523,Blue,"€34156,72"
396,Avalanche,2012,3D4PH9FG7BT995739,Green,"€37522,43"
397,Suburban 1500,2005,2C4RDGBG1FR146436,Turquoise,"€26834,35"
398,Elantra,2012,2D4RN3D14AR058118,Maroon,"€34704,53"
399,GTI,2007,5N1AA0NC8CN569671,Goldenrod,"€39164,88"
400,S40,2010,SAJWA0E7XD8553955,Green,"€39695,57"
401,Sunbird,1993,1G6DF8E58C0696844,Pink,"€37431,37"
402,NSX,2000,KMHGH4JF7BU243958,Red,"€23286,16"
403,240SX,1995,1LNHL9DR4BG864661,Teal,"€22568,99"
404,Suburban 1500,1992,1GD021EG4FZ678594,Aquamarine,"€30567,55"
405,Avalanche,2007,1G4GL5G35DF506425,Crimson,"€21201,92"
406,Grand Prix,1989,2C3CCAPT8CH475751,Mauv,"€31604,37"
407,Celica,1984,1HGCR2E71DA300670,Blue,"€12462,60"
408,Elantra,1993,1FADP3E29FL986098,Green,"€31924,78"
409,Grand Prix,1962,1GYFC26269R779381,Crimson,"€14278,97"
410,SLK-Class,2007,1FMEU7EE6AU221192,Turquoise,"€34862,32"
411,SC,2010,5GAKRAKDXFJ736498,Khaki,"€19134,40"
412,Passat,1987,5UXWY3C54F0671304,Red,"€28642,21"
413,Maxima,2001,WAUKF78EX6A786468,Puce,"€20711,89"
414,GX,2005,JH4CL96966C163501,Purple,"€32349,88"
415,E-Series,1963,1G6KE54Y13U159844,Mauv,"€29034,99"
416,Ram Van B150,1993,1FTFW1E84AF450484,Khaki,"€21604,15"
417,RX-7,1984,ZHWGU5AU8CL624673,Puce,"€25275,05"
418,V70,2000,WBA3A5C59EF218356,Khaki,"€38417,08"
419,Cabriolet,1997,1G6DC1E3XE0987427,Teal,"€29878,12"
420,Murciélago,2002,19UUA86219A063252,Fuscia,"€37641,31"
421,Cobalt SS,2009,WBSBR93414P937821,Mauv,"€17083,31"
422,Jimmy,1995,1C3ADEAZ3DV778194,Crimson,"€30371,73"
423,B-Series,1987,JTDZN3EU6E3758890,Violet,"€31442,91"
424,FX,2004,1FMJK1HT4FE717900,Blue,"€21627,57"
425,T100 Xtra,1995,WBA1M1C5XFV927473,Turquoise,"€23911,99"
426,Camaro,1992,WVWAA7AH8BV043912,Fuscia,"€19096,31"
427,LR3,2009,3VWF17AT8FM173941,Blue,"€33302,71"
428,Bronco II,1989,1FMJK1G52BE183423,Purple,"€37135,46"
429,Bonneville,1988,WAURFAFR8EA666586,Fuscia,"€35944,26"
430,Escalade ESV,2005,5UXZV4C56DL925764,Aquamarine,"€37615,23"
431,Baja,2004,2G4GS5GX2E9806357,Khaki,"€26163,85"
432,G-Series 2500,1998,WAUEG78E76A743300,Turquoise,"€18928,13"
433,SLX,1998,2C3CDXHG4CH546302,Red,"€14336,71"
434,CL-Class,1998,WAUDF78E56A273203,Fuscia,"€13384,99"
435,LS,1999,1GKLRKED7AJ211173,Orange,"€20326,92"
436,Veyron,2011,1G6DA1E36C0794338,Orange,"€12780,24"
437,Optima,2012,1G6DV57V290232648,Aquamarine,"€13059,11"
438,Silverado 1500,1999,WBAGN83483D190489,Teal,"€36374,84"
439,S-Class,2011,SCFBB04B37G058279,Turquoise,"€29960,30"
440,B-Series,2002,WP0CA2A88CS691314,Khaki,"€32763,13"
441,Montero,2004,WDDHF7GB7FB707701,Purple,"€36615,33"
442,Acclaim,1993,WA1LFBFP6BA927992,Orange,"€14074,57"
443,Camry,1997,1C4NJPBA3FD118868,Orange,"€20612,15"
444,Express 3500,2008,ZFF75VFA2F0798279,Red,"€36982,71"
445,Malibu Maxx,2006,1C3BC5ED9AN402553,Pink,"€38450,74"
446,Crown Victoria,2000,1GYEE637960746193,Maroon,"€21328,77"
447,Familia,1991,4T1BK1EB2FU635611,Indigo,"€26470,68"
448,Maxima,2001,WA1WMAFE8BD929169,Blue,"€36327,89"
449,Escape,2001,WVWGU7AN3BE085072,Purple,"€34836,16"
450,Town & Country,2008,WAULC68E94A201450,Purple,"€25217,03"
451,62,2006,WBANA73525C822742,Orange,"€35797,53"
452,Familia,1986,SCFAD02EX9G108150,Fuscia,"€10734,77"
453,Sierra 2500,2004,WBAKF3C58CE318520,Aquamarine,"€13976,17"
454,1 Series,2008,1C3CC4FB6AN174409,Purple,"€31867,84"
455,Samurai,1994,19XFB2E59CE298323,Green,"€12792,47"
456,Range Rover,1991,WAUKG78E25A819720,Puce,"€12137,07"
457,Liberty,2006,5BZAF0AA2EN988807,Puce,"€24523,11"
458,Tracker,1993,3VW1K7AJXBM891152,Goldenrod,"€19751,01"
459,Avalon,2010,SCBDR3ZA3AC757143,Red,"€23386,64"
460,Jetta,1993,JH4KC1F96EC489603,Mauv,"€29834,06"
461,Clubman,2011,1GYS3JEF6CR740990,Teal,"€39975,02"
462,Reno,2008,WBAUU33509A674894,Teal,"€13168,07"
463,GTI,1997,3VWC17AU4FM634225,Yellow,"€32140,61"
464,Escort,1992,2G4GU5GV6D9230392,Mauv,"€31148,44"
465,Colt Vista,1992,3N1CE2CP9FL565980,Purple,"€21427,34"
466,Venza,2012,3D7LP2ET1BG791683,Maroon,"€20234,98"
467,Accord,1985,5N1AT2MK5FC107521,Puce,"€34470,12"
468,Continental GT,2007,2HNYD28317H806429,Puce,"€13426,19"
469,Yukon XL 2500,2009,2G4WC552571742428,Violet,"€27429,08"
470,626,1987,2G4WD532151323456,Indigo,"€16329,37"
471,Cougar,2000,3MZBM1K72EM887325,Red,"€12820,55"
472,RL,1996,YV1902FH9D2343894,Khaki,"€17117,34"
473,Windstar,2002,WBA3V7C54FP293770,Violet,"€22714,61"
474,Tucson,2005,SCBCR63W75C874246,Crimson,"€10271,36"
475,Galant,2004,JH4CU2E82CC511772,Turquoise,"€30091,04"
476,H2,2006,3VW517AT0EM653532,Violet,"€35204,42"
477,Elan,1993,5FNYF3H23EB516371,Blue,"€21228,62"
478,SC,2010,WBAEK73434B121524,Aquamarine,"€36683,28"
479,Villager,1999,1N6AD0CW5EN823099,Orange,"€17152,17"
480,3500 Club Coupe,1998,4JGBF2FB4AA793757,Teal,"€31889,62"
481,Scoupe,1994,WDDEJ7KB6DA334467,Fuscia,"€34642,65"
482,Lumina,1992,WBAVB33516A429043,Puce,"€36558,99"
483,LX,2010,WAUNE78P98A699228,Red,"€21025,81"
484,Impala,2010,SCFFDCBD7BG747882,Purple,"€24797,97"
485,Boxster,2010,SALAC2D45AA735064,Maroon,"€31930,75"
486,Elise,2008,1G6DN57S840347396,Mauv,"€24170,77"
487,Explorer,1996,WAUCFAFH5FN788622,Goldenrod,"€20429,69"
488,ZX2,2001,YV1902FH7D2077131,Goldenrod,"€16633,62"
489,Continental Mark VII,1989,5FRYD3H62GB971884,Puce,"€25447,13"
490,Rio,2003,5GADV23L05D650811,Khaki,"€35765,29"
491,Lucerne,2009,SCBZK25E13C022239,Puce,"€38621,15"
492,Grand Am,1993,JM1NC2EF5A0596567,Fuscia,"€30083,86"
493,900,1989,JH4CU2F68AC632350,Teal,"€23433,16"
494,Cougar,1987,2HNYD18714H097672,Green,"€25555,90"
495,Silhouette,2001,WBAXH5C59CC191283,Khaki,"€12911,46"
496,Prelude,1994,JTHBE1KS2A0268983,Red,"€12571,03"
497,Tribeca,2009,1G6DN57S750885511,Orange,"€10446,94"
498,MDX,2002,WBA3G7C50EF618722,Teal,"€26475,12"
499,Magnum,2005,2FMHK6DT1AB070930,Turquoise,"€39503,55"
500,3 Series,1998,JN1AV7AP1FM325593,Goldenrod,"€11603,34"
501,Regal,2003,WA1YD64B12N048774,Orange,"€18609,19"
502,Xterra,2001,1GYS3NKJ9FR157043,Fuscia,"€22556,26"
503,S10,1998,WBA3A5G59DN507509,Teal,"€10643,45"
504,Grand Prix,1997,3C3CFFFH5ET693027,Blue,"€15872,26"
505,Element,2005,WAUVT58E95A253195,Purple,"€18876,13"
506,F-Series,2003,WP0AB2A81CS877071,Green,"€28975,45"
507,LTD,1984,WAUDG78E45A119920,Purple,"€24625,44"
508,Maxima,1990,1G6DL8ED5B0889385,Blue,"€16741,36"
509,Taurus,2012,1FBSS3BL9AD355319,Purple,"€29664,51"
510,Grand Marquis,1993,WBSKG9C51BE332625,Fuscia,"€13734,05"
511,Yukon,2001,WBANA73524B769111,Orange,"€20084,07"
512,3500,1996,1FMJK1F55AE086586,Maroon,"€28309,82"
513,LaCrosse,2010,WA1YD64B03N026735,Yellow,"€23534,43"
514,Mustang,1987,19UUA9F79DA619821,Purple,"€37573,06"
515,Cube,2010,5NPET4AC8AH679341,Maroon,"€36009,00"
516,Mazdaspeed 3,2011,JN8AS5MT3AW144421,Fuscia,"€20403,39"
517,Horizon,1978,3N1BC1AP3BL387301,Purple,"€13415,24"
518,Silverado 1500,2007,3G5DB03E82S337716,Maroon,"€30339,55"
519,Escalade EXT,2005,2G4WC582691319016,Goldenrod,"€31007,93"
520,Riviera,1991,WBAUC7C57AV063963,Aquamarine,"€15434,62"
521,Grand Prix,2000,WAULT58E23A341185,Pink,"€33592,96"
522,Venza,2009,WAUJC68EX5A483736,Mauv,"€15191,68"
523,Lancer,2011,WDDEJ9EB2DA142857,Orange,"€13066,63"
524,6000,1987,WBAYA8C51ED403925,Violet,"€15067,98"
525,Discovery,1998,KMHDB8AE6BU193993,Pink,"€15323,88"
526,Quest,1996,1FMEU8DE6AU048247,Mauv,"€26310,61"
527,SVX,1992,WA1WKBFP0AA890610,Purple,"€28103,31"
528,Mazda3,2009,1C4RDHDG4CC700513,Aquamarine,"€16074,51"
529,Tacoma Xtra,1998,KMHHT6KD8CU214370,Teal,"€33929,48"
530,Xterra,2002,1FMJK1J54AE587492,Orange,"€35336,12"
531,Excursion,2004,3GYFNDE37CS590923,Blue,"€23243,25"
532,Impreza WRX,2011,5J8TB3H55DL531693,Aquamarine,"€33901,42"
533,Sonoma,2004,WBAVD13556K811200,Puce,"€18751,88"
534,Minx Magnificent,1950,WBAKE3C50DE434105,Purple,"€32888,39"
535,Previa,1993,WBAEP33434P114876,Blue,"€15546,95"
536,Pilot,2012,1FTDS3EL0AD122073,Violet,"€12388,69"
537,Accord,2005,3GYVKNEF3AG014136,Khaki,"€26492,39"
538,Dakota,2003,2G61P5S36D9203106,Pink,"€34942,63"
539,Milan,2010,WAUVT58E44A536912,Indigo,"€32426,83"
540,SC,2005,JH4KB26569C078391,Maroon,"€13973,25"
541,Ridgeline,2007,WAUEF78E06A162126,Indigo,"€20247,49"
542,5 Series,1999,1N4AL2AP5AN152692,Pink,"€23392,36"
543,Highlander,2002,WAULFAFR0EA006192,Pink,"€19733,47"
544,Villager,1994,2B3CJ7DJXBH257608,Indigo,"€10771,40"
545,Corvette,2008,WP1AA2A28DL987301,Blue,"€17959,15"
546,E-Class,1988,KMHHT6KDXAU058927,Puce,"€27714,77"
547,Montero,2006,2C4RRGAGXDR436982,Indigo,"€38702,75"
548,Quattroporte,1986,JH4KA96683C520700,Maroon,"€11364,38"
549,Sable,1997,WAUMFAFL2AN762285,Fuscia,"€37831,17"
550,3 Series,2009,5BZBF0AA4FN481462,Aquamarine,"€27897,60"
551,Concorde,2000,WAUBFAFL1BN708291,Red,"€19208,74"
552,Probe,1994,JTJBC1BA3C2272883,Crimson,"€34586,33"
553,Corvette,2007,2G4WF551911894122,Fuscia,"€26559,56"
554,Sierra 2500HD,2006,1FTSW3A56AE401170,Violet,"€15811,73"
555,Skyhawk,1989,WA1DGBFE7ED584810,Pink,"€21525,10"
556,R-Class,2010,1G6DV8EP4E0290261,Crimson,"€23058,13"
557,MX-5,2009,WAUSF78K69N574590,Maroon,"€25488,57"
558,VUE,2005,1FTEX1CM3BK687873,Indigo,"€18157,51"
559,MX-6,1996,19UUA56963A424820,Purple,"€31691,70"
560,DeVille,1992,WBS3R9C57FK945709,Pink,"€35747,11"
561,Allroad,2005,1FTEW1CM8EK541850,Yellow,"€26578,80"
562,Tempo,1987,JTDJTUD39ED398526,Turquoise,"€23684,21"
563,LS,2005,WAUSF98K19N456197,Crimson,"€12684,12"
564,Eclipse,2004,WBAET37485N834242,Violet,"€13840,28"
565,Prelude,1986,SCBZB25E02C074248,Turquoise,"€18905,87"
566,Avalanche 1500,2002,WAUEFAFLXDA674438,Mauv,"€11038,13"
567,V70,2006,YV440MBM5F1924636,Violet,"€36079,65"
568,Familia,1989,5UXFA53533L697628,Indigo,"€25689,00"
569,Elantra,2005,WBA3C3G59FN698527,Puce,"€26438,78"
570,Suburban 2500,2009,1GYS4JEF7CR044121,Yellow,"€16923,61"
571,CTS,2011,TRUWC28N521143008,Turquoise,"€10188,01"
572,300SL,1993,WAU2GAFC2FN226089,Khaki,"€36052,90"
573,Probe,1992,WA1AY74L27D677638,Indigo,"€20219,60"
574,C70,1998,1G6AH5SX0E0123392,Green,"€29481,34"
575,RX,2013,1D7CE5GK6AS224842,Mauv,"€25009,94"
576,SL65 AMG,2006,WP0AB2A99FS406167,Maroon,"€35372,57"
577,Viper,2003,3VW507AT4FM518333,Pink,"€10314,50"
578,Flex,2011,JH4KB2F60CC973441,Indigo,"€23767,21"
579,Sequoia,2002,WBAPK5C51BA376293,Pink,"€11762,45"
580,IS-F,2011,2G61W5S81F9589841,Khaki,"€33376,86"
581,G-Series G10,1995,WAUNF98P88A119153,Khaki,"€26267,52"
582,Savana 3500,2009,WBA3A9G5XDN579651,Red,"€33985,72"
583,Continental Flying Spur,2010,WAUBH78E28A267217,Red,"€30405,03"
584,A6,2002,JN1CV6EKXBM917831,Red,"€25062,09"
585,Avalon,2012,1G4HP52K854768900,Puce,"€10657,04"
586,Range Rover,1988,1FBNE3BL7DD929019,Mauv,"€24073,08"
587,Grand Prix,1995,WBALY1C50ED741443,Indigo,"€20261,49"
588,S10,1995,WBAKA83539C055059,Blue,"€16375,87"
589,MX-3,1992,2C3CDXJG6FH445888,Khaki,"€32572,45"
590,Accord,2005,3D7JB1EP7BG966005,Green,"€19601,13"
591,Sonata,2006,19XFA1E64AE634513,Blue,"€14779,17"
592,Venture,1999,TRUTC28N151506251,Green,"€23705,26"
593,LR3,2006,1FTFW1E89AK113381,Yellow,"€33840,53"
594,XC70,2003,WBA3D3C5XFK649955,Mauv,"€17439,09"
595,626,1999,3VWKP7AJXDM751580,Purple,"€35457,05"
596,Endeavor,2010,WA1CGAFE6DD872659,Puce,"€33514,82"
597,Express 1500,2006,JH4CL95948C885439,Violet,"€15151,09"
598,CR-V,2012,WAUVT64B74N144744,Indigo,"€21347,10"
599,TundraMax,2009,5FRYD3H89EB157374,Puce,"€23410,53"
600,Tempo,1986,5FPYK1F29BB403966,Khaki,"€12067,37"
601,CL-Class,2005,1N6BF0KLXFN433753,Teal,"€28058,50"
602,GX,2010,WAUNF78P17A172103,Indigo,"€34423,16"
603,Tiburon,1997,WA1DGAFE8BD162860,Green,"€28530,04"
604,Monte Carlo,1995,3C4PDDDG4ET169627,Crimson,"€22472,86"
605,Phantom,2013,SCFFDCCD9AG179132,Indigo,"€24343,36"
606,Ram 1500,2003,WAUJGAFD4FN321256,Teal,"€12674,69"
607,LeSabre,2001,WBAKF9C56BE414146,Turquoise,"€12566,39"
608,Q7,2009,SCBLF34F16C122047,Red,"€35353,65"
609,GX,2010,TRUUT28N461422530,Green,"€36823,91"
610,Dakota Club,2005,WBAFR9C51BD069199,Indigo,"€23963,81"
611,57,2007,5N1AA0NC9CN248805,Green,"€25941,49"
612,H1,2000,3MZBM1U71EM956924,Blue,"€13885,77"
613,New Beetle,2004,1G6AC5S32F0489027,Red,"€13074,15"
614,Grand Marquis,2009,1G6KD54Y75U434154,Green,"€34495,52"
615,Suburban,2010,1D4SE6GT4BC796348,Maroon,"€16625,13"
616,Ram 1500,2004,WBASN4C50BC931458,Red,"€23739,76"
617,CX-9,2012,WAULFAFH0DN902331,Mauv,"€12985,16"
618,HHR,2011,TRUUT28N841844846,Yellow,"€36878,91"
619,Premier,1992,1FAHP3ENXBW267382,Maroon,"€10524,02"
620,X6 M,2013,WBAYE4C50ED979180,Maroon,"€38603,89"
621,Firefly,1991,1G6DH8E56D0071192,Red,"€39429,44"
622,Accent,2010,WAUBNBFB2BN528270,Goldenrod,"€14050,39"
623,RDX,2008,WBALL5C51EJ335792,Goldenrod,"€38279,60"
624,550,2006,1GYS4KEF1ER335383,Red,"€34565,17"
625,Suburban 1500,1992,SCFEBBBK7BG099275,Crimson,"€11168,15"
626,2500,1999,WA1YL64B04N656291,Khaki,"€36411,38"
627,Concorde,2003,5XYKT3A67FG747764,Crimson,"€19561,91"
628,Envoy,1999,JTHBW1GG1D2705978,Violet,"€23180,43"
629,MPV,1998,1G6DX67D660143698,Yellow,"€18585,55"
630,Z3,1997,SALFP2BN6BH869919,Khaki,"€12336,87"
631,62,2008,1GD21ZCG6DZ480044,Maroon,"€21403,58"
632,A8,2004,1GTN1UEH9EZ436261,Indigo,"€23449,04"
633,Grand Marquis,2010,KNAFT4A22C5662725,Khaki,"€34045,13"
634,Galant,2006,4T1BD1FK1EU835984,Puce,"€24592,13"
635,LS,1991,WBABN334X2P993931,Purple,"€10276,91"
636,Mazda3,2007,3VW517AT7EM552438,Turquoise,"€12812,30"
637,944,1985,1N6AF0LX7EN289784,Turquoise,"€18470,93"
638,LR3,2007,WAUBFAFL8AN369608,Fuscia,"€29515,73"
639,E-Class,2008,5N1AT2MKXFC568889,Crimson,"€13406,67"
640,Suburban 2500,1999,1FTSW3A50AE982052,Turquoise,"€21570,21"
641,CLK-Class,2009,WBAPH5C54BA309282,Crimson,"€30208,29"
642,Trans Sport,1998,1ZVBP8JZXD5409841,Fuscia,"€33062,25"
643,Mustang,1971,5TFBM5F18AX147847,Mauv,"€13767,84"
644,Spider,1993,1G6DM8EV9A0696113,Red,"€17287,95"
645,CLK-Class,2001,1FTMF1EW6AF112719,Crimson,"€33187,76"
646,Corvette,1975,WBANV935X8C489162,Blue,"€31414,23"
647,Sonoma Club,1992,2FMGK5BC3BB796329,Goldenrod,"€24182,72"
648,Corvette,1967,2T1BU4EE9BC722021,Purple,"€36529,31"
649,SC,2007,JH4DC548X6S957320,Goldenrod,"€31461,25"
650,Grand Marquis,1992,WAUGGAFC3CN231190,Mauv,"€28987,36"
651,Truck,1990,2C3CCASG6FH904528,Puce,"€33697,67"
652,Pathfinder,2004,3D73Y3CL4AG206311,Fuscia,"€24080,00"
653,Cooper Clubman,2012,3MZBM1K7XFM396731,Mauv,"€10135,53"
654,Passport,1995,WAUML54D81N439354,Teal,"€19932,63"
655,Elantra,2010,WBAEB53528C658012,Fuscia,"€19032,71"
656,Intrigue,2001,1G6AB5S34F0749687,Aquamarine,"€12717,89"
657,Ram Van 1500,2003,SCFAB01AX7G770652,Indigo,"€31043,09"
658,Range Rover,1996,WA1LGAFE4ED774697,Fuscia,"€29324,15"
659,1500,1997,WBABS53423J185419,Aquamarine,"€23159,10"
660,Swift,1987,19UUA66256A693551,Puce,"€29226,79"
661,Skylark,1985,3D73M4HL6AG295616,Fuscia,"€19073,77"
662,Montero,1996,SAJWA6BU2F8906821,Goldenrod,"€11896,59"
663,Express 2500,1999,1FTMF1CW2AF719932,Turquoise,"€18266,23"
664,Mini Cooper,1964,JN1BJ0HP5FM804726,Fuscia,"€27600,52"
665,Canyon,2012,5UXFG43559L592624,Yellow,"€29066,87"
666,Mohave/Borrego,2009,WAUBF78EX6A015475,Turquoise,"€11388,42"
667,Yukon XL 1500,2013,WBA3N5C53EF236565,Teal,"€12866,90"
668,940,1994,SALFR2BG1EH502409,Indigo,"€30439,34"
669,Concorde,2002,3D7TT2CT0BG275944,Goldenrod,"€13561,74"
670,Cayenne,2005,WAUKH98E66A547733,Khaki,"€29215,19"
671,IPL G,2012,2HNYD18903H221625,Indigo,"€17728,72"
672,rio,1996,2HNYD2H31CH413492,Indigo,"€24450,18"
673,CX-7,2012,1FTEW1CM5EK179816,Aquamarine,"€37685,88"
674,LeBaron,1992,KM8NU4CC0BU711924,Blue,"€32763,92"
675,XJ Series,2000,1G4GG5G33CF810968,Goldenrod,"€25076,89"
676,LS,2006,WBANW1C50AC832730,Purple,"€12670,39"
677,Challenger,2004,2C4JRGAGXDR446702,Maroon,"€22722,86"
678,Stratus,2001,WAUEH48H98K982897,Teal,"€20047,19"
679,Esprit,1995,SCBDC47L78C625511,Maroon,"€36168,10"
680,Panamera,2013,1FAHP3DN9AW622414,Goldenrod,"€36952,16"
681,900,1989,WAUAH94F86N012647,Mauv,"€14253,78"
682,Grand Marquis,1997,W04GW5EV1B1039671,Turquoise,"€39400,40"
683,944,1984,JH4KB16578C496094,Crimson,"€33908,75"
684,B-Series,1991,1G6DM8E32D0642722,Blue,"€39017,82"
685,Leganza,2000,WA1DGAFE5ED564842,Green,"€23551,00"
686,E150,2009,5LMJJ3J58DE577020,Goldenrod,"€18699,25"
687,LeMans,1967,3N1CN7AP6EL895526,Khaki,"€27661,04"
688,2500,1998,19UYA42692A985230,Mauv,"€15050,90"
689,Accord,2010,WAULF78K49N691797,Red,"€28275,23"
690,S10,1993,1FMEU8FE3AU818272,Khaki,"€11594,75"
691,Civic,2001,WBAPK5C51BF840203,Pink,"€33784,65"
692,Quest,1999,2G4GS5EV1C9468447,Khaki,"€34788,18"
693,rio,1999,5GAKRCED6BJ011238,Puce,"€29268,64"
694,Mustang,2003,1G6DS57V990544779,Green,"€35638,74"
695,Probe,1995,5TDDK3DC0FS164582,Maroon,"€10438,78"
696,Expedition EL,2010,2C3CDZAG4FH147027,Yellow,"€24494,07"
697,Verano,2012,WAUHF98P28A678033,Khaki,"€15879,14"
698,G37,2010,JN8AF5MR7DT116975,Orange,"€10755,99"
699,Express 2500,2001,1FTKR1AD4AP500142,Crimson,"€12995,75"
700,Jetta,1988,WBAHN83558D186212,Purple,"€10073,31"
701,Tempest,1965,1GD022CG9CZ623448,Maroon,"€33539,35"
702,S60,2010,WVGAV7AX3CW895071,Green,"€16231,05"
703,Town & Country,1999,WAUDV74F79N006739,Turquoise,"€32894,64"
704,Prizm,2001,WAUJT68E24A464807,Yellow,"€29036,50"
705,XT,1986,1G6AB5SA7F0112629,Yellow,"€27504,44"
706,Galant,1989,JN8AZ2NC5D9909656,Fuscia,"€16767,47"
707,Typ-1,2009,1GYS4CEF6BR176362,Indigo,"€21882,83"
708,645,2004,WAUBH78E77A683942,Goldenrod,"€29948,09"
709,Veracruz,2009,KMHHT6KD8AU790750,Goldenrod,"€25602,67"
710,Tribeca,2012,WDCGG0EB7EG242328,Turquoise,"€10089,87"
711,RVR,1995,WBABN53443J503791,Goldenrod,"€35049,92"
712,3 Series,1992,3N1CE2CP0FL129194,Teal,"€26490,46"
713,Cabriolet,1991,4A4AP3AUXEE544754,Turquoise,"€27886,34"
714,Econoline E150,1996,WAUK2AFD7FN357879,Maroon,"€37086,74"
715,F250,1997,WAUKGBFB6AN941981,Fuscia,"€32419,35"
716,Town Car,1993,5GAKVBKD5EJ166300,Goldenrod,"€37547,05"
717,Grand Prix,1968,3GYFNGEY7BS769331,Mauv,"€31312,81"
718,Regal,1995,WAUNF98P68A263736,Teal,"€16320,89"
719,Firebird,1991,JN1AZ4EH3FM067597,Indigo,"€32054,82"
720,Avenger,2000,1N4AA5AP0BC929929,Indigo,"€39265,32"
721,300E,1993,JN8AF5MR7CT377621,Violet,"€12004,17"
722,D350,1993,1G4HJ5EM3BU582837,Turquoise,"€32444,57"
723,Ghost,2011,WA1WKBFP5CA904987,Maroon,"€11466,29"
724,G,2009,JN8AS1MUXAM492746,Aquamarine,"€27036,39"
725,911,1993,1C6RD7PT4CS787135,Yellow,"€17700,88"
726,SL-Class,1987,WBAUU33569A590482,Violet,"€21309,92"
727,F350,2006,1G6DD67V880320224,Maroon,"€11557,84"
728,Rio,2011,JM1BL1K57B1134225,Teal,"€18581,04"
729,F350,2007,JH4KB16608C058865,Red,"€17333,96"
730,Pathfinder,2005,1G6DH5EG4A0772888,Goldenrod,"€27582,64"
731,Marquis,1986,1N6AA0CC4FN915644,Violet,"€28669,14"
732,FJ Cruiser,2011,WAUAF78E05A589139,Pink,"€32434,72"
733,XC90,2004,5GADT13S542395574,Yellow,"€22417,77"
734,Bronco II,1988,WDDGF4HB0CA954939,Crimson,"€29122,76"
735,TrailBlazer,2008,SALVP2BG2EH779829,Blue,"€38125,24"
736,Avalanche,2012,WAUDK78T28A736556,Violet,"€18901,42"
737,Malibu,2006,5N1BA0ND0FN459893,Maroon,"€33897,46"
738,Capri,1992,WDDLJ7DB8EA930511,Mauv,"€28028,37"
739,A8,1997,WAUEKBFB8AN310659,Pink,"€38498,60"
740,Hombre,2000,5N1AA0NC7FN750166,Maroon,"€36624,72"
741,300SD,1993,JN8AZ1MU9AW580624,Indigo,"€19811,41"
742,MR2,2002,5UXZV8C58CL914593,Maroon,"€10348,60"
743,Prelude,1999,1NXBU4EE1AZ129072,Blue,"€32535,30"
744,Thunderbird,1996,1D7RV1CP3BS832596,Crimson,"€28137,08"
745,Sable,2000,JM3KE2BE2E0601309,Green,"€25573,80"
746,Elantra,2009,KNAGM4A70B5609579,Green,"€32590,30"
747,9-5,2008,SALWG2VF1FA689508,Goldenrod,"€20636,43"
748,2500,1996,SCFEBBBKXBG814176,Khaki,"€39232,75"
749,Riviera,1985,WAUKH78E86A633095,Fuscia,"€39657,49"
750,Cavalier,1996,1G6DD8E36E0757969,Maroon,"€34021,79"
751,Veracruz,2009,1FADP5AUXDL829597,Maroon,"€19722,60"
752,Corolla,1998,KMHHT6KD2EU684591,Red,"€28425,95"
753,Sedona,2007,WBAKF9C59DE288528,Yellow,"€34993,56"
754,Silverado 2500,2005,KNDMG4C7XC6156920,Red,"€39598,32"
755,3 Series,2007,WAUAF98E27A339724,Purple,"€37446,29"
756,Savana 1500,2011,WAUDH98E57A411071,Fuscia,"€39338,98"
757,Xterra,2008,1FTEW1CM7EK483245,Turquoise,"€29757,33"
758,Compass,2012,WBAEB5C54AC091470,Teal,"€21392,39"
759,Ion,2004,3D73M3HL7BG860158,Yellow,"€28269,29"
760,XK Series,2002,5N1CL0MM6EC138015,Turquoise,"€30722,31"
761,Aurora,1997,2T1KU4EEXCC924223,Puce,"€17675,05"
762,Flex,2011,1N6AA0CH8EN863087,Goldenrod,"€27851,96"
763,Sedona,2003,3D7TP2CT7BG726341,Maroon,"€25260,86"
764,Tempo,1988,WAUMFAFR7FA513032,Fuscia,"€29419,15"
765,Bronco II,1984,3VW467AT4CM190921,Mauv,"€23871,88"
766,I,1996,1G6DX6ED9B0279417,Aquamarine,"€19756,67"
767,Miata MX-5,1994,JN1BJ0HP2FM384911,Violet,"€10929,97"
768,F-Series,2003,WBALM7C56BE963067,Aquamarine,"€24237,75"
769,Expedition EL,2009,WA1CFBFP2BA214023,Khaki,"€12375,83"
770,57S,2005,WAUSH94F87N281978,Khaki,"€39233,31"
771,MPV,1994,3C6JD7BP7CG702934,Fuscia,"€20465,64"
772,Corvette,1967,WBAAV33401E485215,Mauv,"€39177,90"
773,Evora,2010,JTJBM7FX4A5579554,Orange,"€16039,02"
774,Optima,2008,3VW1K7AJ1DM460203,Violet,"€18664,74"
775,Brat,1986,2C4JDGAG5CR457877,Green,"€33817,10"
776,Tracer,1992,WVGEF9BP2ED301898,Maroon,"€10321,15"
777,LS,1997,JN1CV6AP9DM937623,Red,"€39051,38"
778,RX,2008,5TFBW5F17AX780866,Maroon,"€39935,08"
779,Highlander,2007,WBAEV334X4K101951,Red,"€19288,76"
780,Swift,1997,WAUGL98E38A152707,Pink,"€30824,48"
781,Intrigue,2001,WAUEV94F87N295787,Red,"€27577,08"
782,Sierra 3500,2005,WAUVC58E63A880725,Yellow,"€13702,85"
783,CX-7,2012,1G6AB5S36D0146379,Puce,"€34835,73"
784,Minx Magnificent,1950,WBABN33482J590081,Maroon,"€38192,40"
785,Patriot,2007,JTDKN3DP4C3400990,Crimson,"€16270,25"
786,Club Wagon,1996,1HGCP2E70AA847009,Blue,"€23492,36"
787,DTS,2006,SCFFDECN8CG977631,Red,"€39249,97"
788,Impala,2005,2C3CCARG7DH146802,Fuscia,"€14472,00"
789,GTI,2005,KMHHU6KJ0FU013733,Green,"€17779,14"
790,Ram Van 2500,2002,2T3BF4DV9AW363477,Green,"€19703,06"
791,MR2,1994,WAUEF78E78A981881,Red,"€13616,03"
792,rio,1998,WAUMFAFL4BN005454,Crimson,"€17411,71"
793,3000GT,1997,1GYUKBEF7AR064497,Turquoise,"€37182,98"
794,LS,1989,WA1BY74L88D343961,Indigo,"€36598,91"
795,Eldorado,1993,WBADW3C58CE053588,Violet,"€31648,94"
796,SJ 410,1984,WBAEW53424P221478,Indigo,"€26321,05"
797,Pajero,1988,WBAGL63464D537085,Pink,"€18475,73"
798,Sonata,1992,2T1BPRHE8FC227251,Indigo,"€37181,32"
799,Suburban 2500,2011,5NPDH4AE3DH092287,Red,"€17961,98"
800,Sebring,2006,KL4CJBSB1DB274641,Blue,"€37383,92"
801,XL-7,2008,1GYS3JEF5DR206171,Orange,"€12855,91"
802,New Beetle,1999,3GYFK66N94G512832,Orange,"€22272,31"
803,Prius Plug-in,2012,WBA3B9C5XEJ476323,Indigo,"€13455,77"
804,Tacoma,2003,5N1AN0NW3DN679382,Maroon,"€27060,21"
805,LS,2009,WBA3N5C52FK068913,Pink,"€13699,96"
806,Jetta,1987,WAUSH98E46A998627,Puce,"€33926,66"
807,Voyager,2000,WBA4A9C58FG676011,Blue,"€27974,87"
808,LSS,1999,1G4PR5SK0F4441575,Mauv,"€26514,81"
809,3000GT,1999,SCBLF34F43C517254,Puce,"€19807,26"
810,Express 3500,2000,JH4CW2H65EC703758,Crimson,"€36167,79"
811,Prizm,1996,2G4WB55K811068656,Green,"€36845,62"
812,Sierra 1500,2001,3VW4A7AT9DM409145,Aquamarine,"€38883,46"
813,XC60,2009,JH4CL95918C346809,Indigo,"€19214,05"
814,Ciera,1996,5FRYD3H28EB421857,Orange,"€38796,38"
815,Cooper Countryman,2012,WVWAA7AH0AV577713,Crimson,"€29185,74"
816,Silverado 1500,2001,JTJBC1BA5E2439909,Mauv,"€20444,59"
817,X5,2009,3D73Y4CLXBG736175,Green,"€30276,30"
818,Sebring,2003,JM1NC2MF3D0688721,Aquamarine,"€18860,60"
819,Aspire,1996,5NPDH4AE8FH852104,Fuscia,"€11584,83"
820,Discovery,2002,JTHBW1GG2D2077879,Indigo,"€27591,95"
821,Aerio,2007,1G6YV36A075169361,Khaki,"€26546,15"
822,Z8,2003,WDDHF5KB6EA002517,Aquamarine,"€20333,22"
823,Fusion,2013,5FNRL5H29DB757648,Yellow,"€19595,22"
824,Mirage,1990,WAUDV94F37N704791,Violet,"€22307,74"
825,Yukon XL 1500,2006,1FTEW1E86AK958104,Turquoise,"€34316,46"
826,Tacoma Xtra,2003,WAUVC58E64A244307,Orange,"€21492,64"
827,Suburban 1500,1992,1C4RDJEG7EC378541,Puce,"€28546,64"
828,Accord,1985,SCFAD01A27G629276,Teal,"€10404,97"
829,Trooper,1992,JTDKDTB38E1471885,Puce,"€36192,94"
830,Corvette,1968,JN8AZ1MU2EW609807,Blue,"€35128,52"
831,Grand Prix,1993,1GD02ZCG6EF009552,Aquamarine,"€30129,99"
832,Sebring,1996,1G6DS5EV3A0251399,Goldenrod,"€27011,16"
833,GS,2005,WAUDH48H59K056817,Turquoise,"€16197,13"
834,C-Class,2007,JH4CU2F61DC914107,Blue,"€18458,05"
835,Sorento,2006,WVWED7AJ1CW464197,Orange,"€36258,09"
836,300M,2003,WBAKA8C57AC639792,Fuscia,"€16692,63"
837,500SL,1993,4T1BF1FK0EU727771,Pink,"€24285,32"
838,Trans Sport,1991,WBAKN9C59FD040209,Indigo,"€21895,72"
839,MPV,1989,1FT7W2A69EE882899,Blue,"€14736,95"
840,SLK-Class,2006,TRUWT28NX31788626,Indigo,"€10292,64"
841,Highlander,2004,KMHHT6KD6CU720957,Violet,"€17024,23"
842,Explorer,1992,WBAAX13495P270439,Turquoise,"€37422,46"
843,Trooper,2001,5N1AA0NE0FN370975,Puce,"€27912,30"
844,Dakota,1995,1G6YX36D875705106,Aquamarine,"€14477,37"
845,SC,2009,WBAYA6C50FD264800,Pink,"€11625,02"
846,SLK-Class,2008,JH4NA216X4S366364,Orange,"€12614,46"
847,Legacy,2011,1G6DW677970323157,Goldenrod,"€16367,08"
848,M5,1993,WDDGF5EB9BA232913,Teal,"€32087,27"
849,Achieva,1996,3VW4S7AT6EM017559,Purple,"€17778,29"
850,Rendezvous,2007,WAURFAFR7CA891160,Blue,"€13451,78"
851,Lancer,2004,1GD12YEG7FF015440,Indigo,"€38406,87"
852,Wrangler,1994,WAUJGAFC0DN491408,Khaki,"€25113,71"
853,Tacoma,2011,WBAEU33472P414975,Maroon,"€39397,43"
854,Ram,2007,WAUBFAFL8CN574381,Red,"€31718,90"
855,9-5,2007,2HNYD18734H835150,Mauv,"€36788,45"
856,Avalanche 1500,2005,1GYFK26269R040465,Crimson,"€39702,52"
857,Camaro,1976,TRUTX28N011786047,Violet,"€25452,19"
858,V50,2008,JTDKDTB32C1052167,Turquoise,"€37733,69"
859,SC,2007,WDDJK7DA7DF712170,Puce,"€15119,26"
860,S-Class,1995,1N6BF0KM9FN241801,Puce,"€22122,75"
861,Firebird,1990,3D73Y3CL2BG294938,Crimson,"€35296,68"
862,100,1991,3C63DRGL3CG906351,Teal,"€17899,24"
863,Fleetwood,1996,1N4AB7APXDN843866,Violet,"€24903,87"
864,Wrangler,2000,YV4902DZ4B2163881,Yellow,"€26173,55"
865,Paseo,1994,5FPYK1F29BB539983,Turquoise,"€26413,23"
866,Jetta,1997,3D73M3CL7BG138745,Goldenrod,"€39970,06"
867,Suburban 2500,2010,1GYS4KEF1DR567478,Red,"€31584,20"
868,E350,2012,WBAUU3C53BA791049,Orange,"€36931,76"
869,Corolla,2008,5N1AT2ML5FC050939,Khaki,"€39766,61"
870,Solara,2008,1FTMF1EW0AK124131,Indigo,"€34496,11"
871,CR-X,1985,WAUEKBFB4AN013565,Crimson,"€24872,37"
872,Caravan,2007,2G4G05GVXB9996599,Green,"€39957,37"
873,Camry,2004,WAUMR44E87N740006,Indigo,"€16746,83"
874,Savana 1500,2007,WAU2MAFC3FN568143,Yellow,"€17046,78"
875,Hombre,1997,WBAPM7C59AA773285,Puce,"€20094,18"
876,Sentra,2008,1N6AF0LY9FN235591,Green,"€14145,57"
877,Concorde,1997,TRUSX28N311363443,Puce,"€38804,53"
878,Chariot,1990,WAUKG78E76A760519,Red,"€21936,54"
879,QX,2010,19UUA9E57DA080485,Orange,"€14883,98"
880,Tracker,2004,3C63D3JL4CG973594,Indigo,"€10371,70"
881,Th!nk,2001,WDDEJ7HB7AA391909,Khaki,"€36558,73"
882,Tucson,2010,WAU3FAFR2AA363674,Crimson,"€10081,34"
883,Tahoe,2003,WBAYA8C52DD580966,Maroon,"€13137,50"
884,Savana 1500,2000,JN8AS5MT6AW467426,Maroon,"€33533,74"
885,Expo,1992,5FPYK1F45CB908874,Red,"€16965,15"
886,Firebird,1968,1G6DU6EA8A0653769,Red,"€22168,67"
887,A6,1997,WA1VGAFP1FA331954,Puce,"€24044,84"
888,Maxima,1990,1N6AD0CW2EN433156,Blue,"€25007,67"
889,Prius,2003,1G6DF5E52D0400717,Purple,"€11517,00"
890,Astra,2008,5LMJJ2HT7FE048739,Maroon,"€23581,69"
891,MPV,1990,WBAEP334X5P630735,Maroon,"€22159,63"
892,5000CS Quattro,1986,1FTMF1CW2AK834649,Pink,"€26260,72"
893,W201,1984,2T1BURHE6FC767741,Orange,"€26951,26"
894,Boxster,1997,WBS3U9C51FJ452774,Pink,"€14728,88"
895,LR2,2008,JN1CV6FE8EM073852,Goldenrod,"€24771,32"
896,Sigma,1990,1FTEW1CF0FF541384,Green,"€23887,57"
897,Ram 3500,2005,WP0AA2A99ES324893,Teal,"€29966,72"
898,Quattroporte,2006,WAUBFBFL1AN834509,Fuscia,"€35411,69"
899,Astro,2002,WAUVT58E72A966026,Khaki,"€15539,52"
900,CTS-V,2012,1GYS3AEF2CR973944,Yellow,"€29298,86"
901,Silverado 1500,2010,1FTSW2B53AE890541,Purple,"€19926,48"
902,240,1992,1C4RDHEG5FC338582,Teal,"€32248,21"
903,Laser,1992,WAUHGAFC7FN325369,Indigo,"€26400,91"
904,Skylark,1996,JTHBL1EF7D5812230,Pink,"€16093,29"
905,MR2,1992,WBADW3C52DE716834,Puce,"€27638,19"
906,Accent,2004,WAUKFAFL6CA527275,Crimson,"€27810,86"
907,Diamante,1997,WAUFL44D12N708976,Yellow,"€10971,05"
908,S-Class,1990,SCBGU3ZA6DC483999,Yellow,"€39159,71"
909,Optima,2002,WAUDC68DX1A672885,Fuscia,"€37237,37"
910,Journey,2009,WBA3T7C59F5456284,Aquamarine,"€27851,35"
911,Mustang,2012,2G4GY5GV3B9929948,Khaki,"€29620,15"
912,S-Class,1988,JH4DB76691S676743,Yellow,"€35295,60"
913,Passat,1998,19UUA56913A094536,Mauv,"€19910,94"
914,SC,2007,SCBLC37F46C566575,Red,"€21006,19"
915,Capri,1984,3VW517AT5FM297712,Blue,"€26474,79"
916,RAV4,1998,WBAPM73529E768482,Purple,"€10883,58"
917,MKX,2010,KMHGN4JE9FU415476,Pink,"€13802,20"
918,XC70,2008,5TDBKRFH0FS762903,Orange,"€38565,95"
919,Sentra,1992,WBAVC935X8K295789,Puce,"€32370,81"
920,E-Series,2009,NM0KS9BN4BT126666,Goldenrod,"€32374,94"
921,NSX,1995,5J8TB1H50CA584249,Orange,"€38617,78"
922,Taurus,1998,2D4RN3DG0BR757798,Green,"€34453,45"
923,Continental,1985,JM3TB2BA5B0688497,Turquoise,"€34339,15"
924,Grand Cherokee,2010,WAUXL58EX5A398643,Turquoise,"€22965,48"
925,57,2008,1GYS4AEF8ER224758,Red,"€15943,12"
926,Neon,1999,JTDKN3DU5F0209526,Goldenrod,"€20822,69"
927,H1,2001,JH4DC23171S199707,Teal,"€22935,57"
928,Sunbird,1986,WBAUN1C50AV760379,Blue,"€36211,66"
929,Sunbird,1985,1G6DJ1E36C0632094,Blue,"€29471,21"
930,Tercel,1993,WP0AD2A77EL890891,Yellow,"€17511,06"
931,Bronco,1984,JTHBE5C29A2163061,Pink,"€27357,97"
932,Imperial,1993,WBABD33416J534668,Crimson,"€30993,98"
933,A6,1996,WBAUN1C54BV548344,Indigo,"€29012,43"
934,Santa Fe,2001,5NPDH4AE4BH052457,Crimson,"€11969,45"
935,330,2005,2D4RN6DX8AR983118,Violet,"€11793,14"
936,924 S,1987,KNAGM4A73B5343507,Aquamarine,"€19098,89"
937,Silverado,2010,1G4CU541144204091,Green,"€38971,44"
938,Shadow,1992,WBANE735X6B372107,Mauv,"€10898,81"
939,Supra,1996,WA1MMAFE2AD671124,Pink,"€16514,33"
940,Rodeo,2000,3N1AB6APXCL645794,Blue,"€24643,72"
941,Passat,2010,2HKRM3H58DH589479,Violet,"€17307,08"
942,CTS,2011,1GYEE53A090884344,Pink,"€36425,32"
943,300SE,1993,WBA3C1C54FP094849,Teal,"€20976,97"
944,80,1989,WBAEN33485P708872,Orange,"€14591,78"
945,Oasis,1996,WBSKG9C55DJ073518,Maroon,"€31282,32"
946,xB,2012,WVGEF9BP7ED783199,Fuscia,"€35268,22"
947,Diablo,1997,JTMHY7AJ4E4041985,Red,"€36602,18"
948,300,2009,1FTEX1E81AF325595,Turquoise,"€15689,17"
949,Rio,2009,WAUKGAFB5BN893630,Green,"€12288,22"
950,Montana,1999,1G4GD5ER8CF368382,Orange,"€32995,68"
951,8 Series,1993,1N6AA0CH2EN438173,Purple,"€14124,93"
952,940,1995,KM8JT3AF3EU745871,Turquoise,"€14840,31"
953,Rabbit,2006,1FTEW1E89AK625573,Purple,"€17348,46"
954,80,1990,2FMDK3ACXAB188847,Green,"€33504,10"
955,GL-Class,2010,1D7RV1GP3BS853863,Mauv,"€17057,46"
956,Range Rover,1988,2G4GS5GXXE9951985,Red,"€19155,82"
957,Cabriolet,1999,1FTSW3B52AE705580,Teal,"€18133,93"
958,Q5,2009,1G6AZ5SX9E0683568,Violet,"€39548,55"
959,Bravada,2004,WAUDF78E97A921871,Puce,"€35801,44"
960,Miata MX-5,2001,WAUFGAFC5FN344588,Teal,"€21987,57"
961,Tredia,1987,WAU3GAFR0DA911978,Maroon,"€18456,15"
962,Escape,2010,1G6DG8EG5A0077310,Goldenrod,"€20665,93"
963,F250,2004,5GAKVDKD9DJ013056,Violet,"€24003,93"
964,Grand Am,2002,YV4902DZ9D2442536,Fuscia,"€18789,61"
965,Dakota,1999,2G4WD532851627819,Teal,"€19522,86"
966,Viper,1998,WBAVC53547F404389,Fuscia,"€23665,25"
967,Yukon XL 1500,2011,2G4GV5EV3B9316367,Turquoise,"€20159,56"
968,Elantra,2004,JN1CV6AP3BM781396,Goldenrod,"€19872,11"
969,Impreza,1994,1G6DB8E57E0031528,Goldenrod,"€27144,66"
970,Cabriolet,1999,1G4HP54K95U861843,Khaki,"€27983,05"
971,Suburban 1500,1992,2G4WB52K521288276,Mauv,"€17798,77"
972,ES,2004,JN1CV6EKXFM144235,Goldenrod,"€11784,94"
973,Stratus,2005,WAU2GAFC4CN940494,Goldenrod,"€39870,67"
974,Outback Sport,2002,1N6AA0EC4DN794074,Blue,"€21640,31"
975,E-Class,1985,5YMKT6C58F0557362,Yellow,"€11771,74"
976,Q,1992,1LNHL9DK7DG453258,Green,"€15119,09"
977,968,1993,WAUMFAFH3FN707203,Khaki,"€31542,06"
978,Grand Prix,1982,5N1AN0NU9CN568350,Aquamarine,"€37158,16"
979,Grand Am,2004,WAUEH78E26A715305,Mauv,"€21973,54"
980,Trans Sport,1999,JN1BV7AP2FM638110,Puce,"€36796,71"
981,Intrepid,1994,JH4KB16348C369642,Aquamarine,"€19753,46"
982,DTS,2008,5UXFG8C53AL598952,Puce,"€20753,52"
983,Continental,1999,KM8JT3AB9BU736052,Pink,"€26372,89"
984,Defender 110,1993,ZFBCFABH8EZ437724,Blue,"€27720,22"
985,Type 2,1989,WP0CB2A85FS671099,Turquoise,"€16594,34"
986,Fiero,1988,1G6DS8E31D0507138,Fuscia,"€12794,98"
987,Mustang,1965,TRUTC28NX21353591,Violet,"€34975,60"
988,Lanos,2002,WVWAB7AJ0DW282402,Goldenrod,"€11336,71"
989,Rally Wagon G2500,1995,1FTSW3B54AE380091,Crimson,"€26460,19"
990,LR3,2007,SCBBR93W99C636482,Red,"€19956,77"
991,Mustang,1996,WAUFGBFC8DN401756,Teal,"€37392,97"
992,GTI,1987,3N1AB7AP0FL939439,Red,"€26086,23"
993,Blazer,2000,WBAVL1C53FV474253,Mauv,"€10017,66"
994,3 Series,1999,5UMDU93416L142000,Blue,"€32324,42"
995,Murano,2010,WAUGL98E86A181746,Pink,"€13191,36"
996,J,1993,19UUA66275A496332,Goldenrod,"€24608,27"
997,Altima,1996,WBAVM1C56EV237641,Aquamarine,"€18202,49"
998,Corvette,1961,1N4AL2AP6AN961571,Puce,"€19043,69"
999,Maxima,1998,WAULH54B61N846410,Fuscia,"€14153,70"
1000,Grand Am,1990,2G4WB52K821421953,Crimson,"€23398,19"
